{"_id":{"$oid":"664324471c6fd63adf99301d"},"username":"agent_user","email":"agent@propertygroot.com","name":"John","favProperties":null,"suspended":false,"isSuspended":true}
{"_id":{"$oid":"664324471c6fd63adf99301e"},"username":"example_user2","email":"user2@example.com","name":"Jack","favProperties":[{"_id":{"timestamp":1715177141,"counter":12623967,"randomValue1":15823638,"randomValue2":-9758},"title":"Luxury Beachfront Condo","description":"Elegant condo with direct access to the beach and resort-style amenities.","price":2000000,"location":"east","agent":"agent_user2","status":"Sold","views":88,"shortlisted":35},{"_id":{"timestamp":1715177141,"counter":12623966,"randomValue1":15823638,"randomValue2":-9758},"title":"Cozy Townhouse","description":"Charming townhouse in a quiet neighborhood, perfect for a family.","price":720000,"location":"west","agent":"agent_user","status":"Sold","views":3,"shortlisted":11},{"_id":{"timestamp":1714452477,"counter":8415414,"randomValue1":4882503,"randomValue2":-16039},"title":"Riverside Cottage","description":"Quaint cottage along the riverbank, surrounded by nature.","price":800000,"location":"south","agent":"agent_user3","status":"For Sale","views":26,"shortlisted":4}],"suspended":false}
{"_id":{"$oid":"664324471c6fd63adf99301f"},"username":"example_user","email":"user@example.com","name":"Jack","favProperties":[{"_id":{"timestamp":1.713330148E+09,"counter":4.533588E+06,"randomValue1":1.3884374E+07,"randomValue2":-21038.0},"title":"Beautiful Villa with Ocean View","description":"Spacious villa overlooking the ocean, perfect for relaxation.","price":1E+06,"location":"east","agent":"agent_user","status":"For Sale"},{"_id":{"timestamp":1.71445247E+09,"counter":8.415412E+06,"randomValue1":4.882503E+06,"randomValue2":-16039.0},"title":"Downtown Loft","description":"Modern loft in the heart of the city.","price":900000.0,"location":"central","agent":"agent_user","status":"For Sale"},{"_id":{"timestamp":1.713330148E+09,"counter":4.533588E+06,"randomValue1":1.3884374E+07,"randomValue2":-21038.0},"title":"Beautiful Villa with Ocean View","description":"Spacious villa overlooking the ocean, perfect for relaxation.","price":1E+06,"location":"east","agent":"agent_user","status":"For Sale"}],"suspended":false}
{"_id":{"$oid":"664324471c6fd63adf993020"},"username":"admin","email":"admin@example.com","name":"Jack","favProperties":null,"suspended":false}
{"_id":{"$oid":"664324471c6fd63adf993021"},"username":"agent_user2","email":"agent2@propertygroot.com","name":"Emma","favProperties":null,"suspended":false}
{"_id":{"$oid":"664324471c6fd63adf993022"},"username":"agent_user3","email":"agent3@propertygroot.com","name":"Michael","favProperties":null,"suspended":false}
{"_id":{"$oid":"6646d329f8ebb210d41aad6c"},"username":"examplecreateUPDATED","email":"EXUPDATED@gmail.com","name":"ExampleUpdated","favProperties":[],"suspended":false}
{"_id":{"$oid":"6648bb0ec20755907f7c8f7b"},"username":"massirattim","email":"chambrick3@nba.com","name":"Gayel","favProperties":[],"suspended":false}
{"_id":{"$oid":"6648bb0ec20755907f7c8f7c"},"username":"aelland15","email":"bpaal2@digg.com","name":"Reidar","favProperties":[],"suspended":false}
{"_id":{"$oid":"6648bb0ec20755907f7c8f7d"},"username":"mwanne1c","email":"kedmunds1@geocities.jp","name":"Dayle","favProperties":[],"suspended":false}
{"_id":{"$oid":"6648bb0ec20755907f7c8f7e"},"username":"chowsam29","email":"sgoodby0@cdc.gov","name":"Caleb","favProperties":[],"suspended":false}
{"_id":{"$oid":"6648bb0ec20755907f7c8f7f"},"username":"dbaldocci2","email":"jhamor6@addthis.com","name":"Ileana","favProperties":[],"suspended":false}
{"_id":{"$oid":"6648bb0ec20755907f7c8f80"},"username":"ered2h","email":"ecoleshill5@yellowbook.com","name":"Briant","favProperties":[],"suspended":false}
{"_id":{"$oid":"6648bb0ec20755907f7c8f81"},"username":"dnorway1z","email":"tmccosh4@i2i.jp","name":"Eydie","favProperties":[],"suspended":false}
{"_id":{"$oid":"6648bb0ec20755907f7c8f82"},"username":"mdebnamv","email":"tebbs8@ed.gov","name":"Eydie","favProperties":[],"suspended":false}
{"_id":{"$oid":"6648bb0ec20755907f7c8f83"},"username":"ujeffcoate1d","email":"mainsworth7@apple.com","name":"Christiane","favProperties":[],"suspended":false}
{"_id":{"$oid":"6648bb0ec20755907f7c8f84"},"username":"roriel14","email":"tgammage9@ebay.co.uk","name":"Cherida","favProperties":[],"suspended":false}
{"_id":{"$oid":"6648bb0ec20755907f7c8f85"},"username":"dflieger13","email":"hodohertya@hatena.ne.jp","name":"Leah","favProperties":[],"suspended":false}
{"_id":{"$oid":"6648bb0ec20755907f7c8f86"},"username":"itownson2e","email":"tdelead@weather.com","name":"Dollie","favProperties":[],"suspended":false}
{"_id":{"$oid":"6648bb0ec20755907f7c8f87"},"username":"cshoard2a","email":"rhallsworthc@printfriendly.com","name":"Brand","favProperties":[],"suspended":false}
{"_id":{"$oid":"6648bb0ec20755907f7c8f88"},"username":"roriel14","email":"sgawkese@scientificamerican.com","name":"Andy","favProperties":[],"suspended":false}
{"_id":{"$oid":"6648bb0ec20755907f7c8f89"},"username":"cmcgranne","email":"tpuckringf@ameblo.jp","name":"Cecilius","favProperties":[],"suspended":false}
{"_id":{"$oid":"6648bb0ec20755907f7c8f8a"},"username":"gcolliar0","email":"eabramoviczg@biblegateway.com","name":"Cecil","favProperties":[],"suspended":false}
{"_id":{"$oid":"6648bb0ec20755907f7c8f8b"},"username":"ggayei","email":"sharradh@eventbrite.com","name":"Mary","favProperties":[],"suspended":false}
{"_id":{"$oid":"6648bb0ec20755907f7c8f8c"},"username":"bbriteeb","email":"acastiblancob@toplist.cz","name":"Marabel","favProperties":[],"suspended":false}
{"_id":{"$oid":"6648bb0ec20755907f7c8f8d"},"username":"criepel19","email":"mvasilkovi@cafepress.com","name":"Daisy","favProperties":[],"suspended":false}
{"_id":{"$oid":"6648bb0ec20755907f7c8f8e"},"username":"ihallets","email":"civersonj@cbc.ca","name":"Ephraim","favProperties":[],"suspended":false}
{"_id":{"$oid":"6648bb0ec20755907f7c8f8f"},"username":"fashbridge2d","email":"calgyk@people.com.cn","name":"Amandi","favProperties":[],"suspended":false}
{"_id":{"$oid":"6648bb0ec20755907f7c8f90"},"username":"cmoscone0","email":"chousamanm@imageshack.us","name":"Debee","favProperties":[],"suspended":false}
{"_id":{"$oid":"6648bb0ec20755907f7c8f91"},"username":"wmcquillin6","email":"dquadriol@youku.com","name":"Briggs","favProperties":[],"suspended":false}
{"_id":{"$oid":"6648bb0ec20755907f7c8f92"},"username":"amaiden1y","email":"cfludgaten@forbes.com","name":"Estrellita","favProperties":[],"suspended":false}
{"_id":{"$oid":"6648bb0ec20755907f7c8f93"},"username":"lbaughn12","email":"cdignumo@twitter.com","name":"Mario","favProperties":[],"suspended":false}
{"_id":{"$oid":"6648bb0ec20755907f7c8f94"},"username":"epfiffer1g","email":"bbrauningerp@huffingtonpost.com","name":"Mario","favProperties":[],"suspended":false}
{"_id":{"$oid":"6648bb0ec20755907f7c8f95"},"username":"cmarjot26","email":"jclubbeq@blinklist.com","name":"Dael","favProperties":[],"suspended":false}
{"_id":{"$oid":"6648bb0ec20755907f7c8f96"},"username":"amaiden1y","email":"ndecourcyr@nhs.uk","name":"Addi","favProperties":[],"suspended":false}
{"_id":{"$oid":"6648bb0ec20755907f7c8f97"},"username":"mwanne1c","email":"jandreast@rakuten.co.jp","name":"Amandi","favProperties":[],"suspended":false}
{"_id":{"$oid":"6648bb0ec20755907f7c8f98"},"username":"gpellissier27","email":"agallantv@nbcnews.com","name":"Dollie","favProperties":[],"suspended":false}
{"_id":{"$oid":"6648bb0ec20755907f7c8f99"},"username":"itownson2e","email":"jfurlowu@google.cn","name":"Windham","favProperties":[],"suspended":false}
{"_id":{"$oid":"6648bb0ec20755907f7c8f9a"},"username":"itownson2e","email":"nremmerss@si.edu","name":"Guthrey","favProperties":[],"suspended":false}
{"_id":{"$oid":"6648bb0ec20755907f7c8f9b"},"username":"gcardillo18","email":"tharmantw@skyrock.com","name":"Dollie","favProperties":[],"suspended":false}
{"_id":{"$oid":"6648bb0ec20755907f7c8f9c"},"username":"gpellissier27","email":"mmclachlanx@msn.com","name":"Averyl","favProperties":[],"suspended":false}
{"_id":{"$oid":"6648bb0ec20755907f7c8f9d"},"username":"gpeekz","email":"mstillerty@smh.com.au","name":"Amandi","favProperties":[],"suspended":false}
{"_id":{"$oid":"6648bb0ec20755907f7c8f9e"},"username":"lpetroulisk","email":"lcrucez@senate.gov","name":"Rudiger","favProperties":[],"suspended":false}
{"_id":{"$oid":"6648bb0ec20755907f7c8f9f"},"username":"jiacovozzo1n","email":"nbresnahan10@mozilla.com","name":"Royall","favProperties":[],"suspended":false}
{"_id":{"$oid":"6648bb0ec20755907f7c8fa0"},"username":"ihallets","email":"edavson14@imageshack.us","name":"Bride","favProperties":[],"suspended":false}
{"_id":{"$oid":"6648bb0ec20755907f7c8fa1"},"username":"gdudeney1x","email":"bborthwick15@sciencedaily.com","name":"Debee","favProperties":[],"suspended":false}
{"_id":{"$oid":"6648bb0ec20755907f7c8fa2"},"username":"dschinetti1f","email":"gtrussell12@twitpic.com","name":"Estrellita","favProperties":[],"suspended":false}
{"_id":{"$oid":"6648bb0ec20755907f7c8fa3"},"username":"bmanifield2g","email":"ncockerill16@paypal.com","name":"Jeannette","favProperties":[],"suspended":false}
{"_id":{"$oid":"6648bb0ec20755907f7c8fa4"},"username":"bbriteeb","email":"fsteddall18@ftc.gov","name":"Addi","favProperties":[],"suspended":false}
{"_id":{"$oid":"6648bb0ec20755907f7c8fa5"},"username":"cmcgranne","email":"jjanz17@arstechnica.com","name":"Padraig","favProperties":[],"suspended":false}
{"_id":{"$oid":"6648bb0ec20755907f7c8fa6"},"username":"efairnj","email":"rforrestall11@japanpost.jp","name":"Briant","favProperties":[],"suspended":false}
{"_id":{"$oid":"6648bb0ec20755907f7c8fa7"},"username":"tragbourne4","email":"wdallan19@bigcartel.com","name":"Gothart","favProperties":[],"suspended":false}
{"_id":{"$oid":"6648bb0ec20755907f7c8fa8"},"username":"ngraith3","email":"rmohammad13@timesonline.co.uk","name":"Andy","favProperties":[],"suspended":false}
{"_id":{"$oid":"6648bb0ec20755907f7c8fa9"},"username":"amaiden1y","email":"bvink1d@bloglovin.com","name":"Isidora","favProperties":[],"suspended":false}
{"_id":{"$oid":"6648bb0ec20755907f7c8faa"},"username":"rtomaszek8","email":"ggravet1e@ihg.com","name":"Patsy","favProperties":[],"suspended":false}
{"_id":{"$oid":"6648bb0ec20755907f7c8fab"},"username":"efairnj","email":"qtran1f@miibeian.gov.cn","name":"Jeannette","favProperties":[],"suspended":false}
{"_id":{"$oid":"6648bb0ec20755907f7c8fac"},"username":"tragbourne4","email":"zyurkevich1c@rediff.com","name":"Elset","favProperties":[],"suspended":false}
{"_id":{"$oid":"6648bb0ec20755907f7c8fad"},"username":"bbattams1w","email":"nlapsley1g@cdc.gov","name":"Gayel","favProperties":[],"suspended":false}
{"_id":{"$oid":"6648bb0ec20755907f7c8fae"},"username":"dmcbryde1r","email":"jalaway1h@accuweather.com","name":"Debee","favProperties":[],"suspended":false}
{"_id":{"$oid":"6648bb0ec20755907f7c8faf"},"username":"ashucksmithr","email":"atourner1i@engadget.com","name":"Zorah","favProperties":[],"suspended":false}
{"_id":{"$oid":"6648bb0ec20755907f7c8fb0"},"username":"estenners5","email":"jbonn1j@github.com","name":"Evvie","favProperties":[],"suspended":false}
{"_id":{"$oid":"6648bb0ec20755907f7c8fb1"},"username":"tragbourne4","email":"hhans1k@digg.com","name":"Zorah","favProperties":[],"suspended":false}
{"_id":{"$oid":"6648bb0ec20755907f7c8fb2"},"username":"asumptionf","email":"amacgauhy1l@marketwatch.com","name":"Korella","favProperties":[],"suspended":false}
{"_id":{"$oid":"6648bb0ec20755907f7c8fb3"},"username":"gpellissier27","email":"kburbury1a@yelp.com","name":"Constance","favProperties":[],"suspended":false}
{"_id":{"$oid":"6648bb0ec20755907f7c8fb4"},"username":"mwanne1c","email":"rdumingo1b@quantcast.com","name":"Olympie","favProperties":[],"suspended":false}
{"_id":{"$oid":"6648bb0ec20755907f7c8fb5"},"username":"cgrzeszczakq","email":"bsturges1m@ezinearticles.com","name":"Debee","favProperties":[],"suspended":false}
{"_id":{"$oid":"6648bb0ec20755907f7c8fb6"},"username":"fkhosa9","email":"nbrabbins1n@squarespace.com","name":"Patsy","favProperties":[],"suspended":false}
{"_id":{"$oid":"6648bb0ec20755907f7c8fb7"},"username":"lashbrook2f","email":"sofeeney1o@cnet.com","name":"Ephraim","favProperties":[],"suspended":false}
{"_id":{"$oid":"6648bb0ec20755907f7c8fb8"},"username":"ostockoe9","email":"merrichi1p@apple.com","name":"Briggs","favProperties":[],"suspended":false}
{"_id":{"$oid":"6648bb0ec20755907f7c8fb9"},"username":"dschinetti1f","email":"agrigolli1q@nps.gov","name":"Guthrey","favProperties":[],"suspended":false}
{"_id":{"$oid":"6648bb0ec20755907f7c8fba"},"username":"dflieger13","email":"jralphs1s@pen.io","name":"Magda","favProperties":[],"suspended":false}
{"_id":{"$oid":"6648bb0ec20755907f7c8fbb"},"username":"chowsam29","email":"wrobelet1u@businessinsider.com","name":"Gothart","favProperties":[],"suspended":false}
{"_id":{"$oid":"6648bb0ec20755907f7c8fbc"},"username":"njenkyn1o","email":"esquirrell1v@domainmarket.com","name":"Chaim","favProperties":[],"suspended":false}
{"_id":{"$oid":"6648bb0ec20755907f7c8fbd"},"username":"gboggis2b","email":"rsimonian1w@wired.com","name":"Cecil","favProperties":[],"suspended":false}
{"_id":{"$oid":"6648bb0ec20755907f7c8fbe"},"username":"criepel19","email":"zstuckow1y@unblog.fr","name":"Brand","favProperties":[],"suspended":false}
{"_id":{"$oid":"6648bb0ec20755907f7c8fbf"},"username":"ihallets","email":"nbrecknell1x@ebay.co.uk","name":"Gilberta","favProperties":[],"suspended":false}
{"_id":{"$oid":"6648bb0ec20755907f7c8fc0"},"username":"tragbourne4","email":"wcattel20@abc.net.au","name":"Gilberta","favProperties":[],"suspended":false}
{"_id":{"$oid":"6648bb0ec20755907f7c8fc1"},"username":"gpellissier27","email":"ianstiss1z@loc.gov","name":"Leah","favProperties":[],"suspended":false}
{"_id":{"$oid":"6648bb0ec20755907f7c8fc2"},"username":"kkorb1e","email":"trenn21@google.cn","name":"Camilla","favProperties":[],"suspended":false}
{"_id":{"$oid":"6648bb0ec20755907f7c8fc3"},"username":"hmccarroll5","email":"aivanishchev22@nih.gov","name":"Ganny","favProperties":[],"suspended":false}
{"_id":{"$oid":"6648bb0ec20755907f7c8fc4"},"username":"clindholm6","email":"mdachey23@jigsy.com","name":"Loretta","favProperties":[],"suspended":false}
{"_id":{"$oid":"6648bb0ec20755907f7c8fc5"},"username":"nmacaskie28","email":"bvick24@time.com","name":"Caesar","favProperties":[],"suspended":false}
{"_id":{"$oid":"6648bb0ec20755907f7c8fc6"},"username":"dsokale1l","email":"kwooding1t@chicagotribune.com","name":"Demetri","favProperties":[],"suspended":false}
{"_id":{"$oid":"6648bb0ec20755907f7c8fc7"},"username":"kcaulcottd","email":"vklaessen25@wsj.com","name":"Tate","favProperties":[],"suspended":false}
{"_id":{"$oid":"6648bb0ec20755907f7c8fc8"},"username":"efairnj","email":"fkimmins1r@smugmug.com","name":"Sutherlan","favProperties":[],"suspended":false}
{"_id":{"$oid":"6648bb0ec20755907f7c8fc9"},"username":"rtomaszek8","email":"cmarquese29@wired.com","name":"Gothart","favProperties":[],"suspended":false}
{"_id":{"$oid":"6648bb0ec20755907f7c8fca"},"username":"zrickford16","email":"npepall27@plala.or.jp","name":"Gard","favProperties":[],"suspended":false}
{"_id":{"$oid":"6648bb0ec20755907f7c8fcb"},"username":"briccardini8","email":"mhaney2b@fastcompany.com","name":"Amandi","favProperties":[],"suspended":false}
{"_id":{"$oid":"6648bb0ec20755907f7c8fcc"},"username":"ostockoe9","email":"cemloch2c@mapquest.com","name":"Lotta","favProperties":[],"suspended":false}
{"_id":{"$oid":"6648bb0ec20755907f7c8fcd"},"username":"cclardge1","email":"sfetherstonhaugh2a@feedburner.com","name":"Dollie","favProperties":[],"suspended":false}
{"_id":{"$oid":"6648bb0ec20755907f7c8fce"},"username":"mdurston2c","email":"pspennock2e@google.it","name":"Ganny","favProperties":[],"suspended":false}
{"_id":{"$oid":"6648bb0ec20755907f7c8fcf"},"username":"tragbourne4","email":"jtague2d@nytimes.com","name":"Debee","favProperties":[],"suspended":false}
{"_id":{"$oid":"6648bb0ec20755907f7c8fd0"},"username":"nmacaskie28","email":"cpeeter2f@cloudflare.com","name":"Mame","favProperties":[],"suspended":false}
{"_id":{"$oid":"6648bb0ec20755907f7c8fd1"},"username":"mdebnamv","email":"bmaddrell2g@xing.com","name":"Rita","favProperties":[],"suspended":false}
{"_id":{"$oid":"6648bb0ec20755907f7c8fd2"},"username":"criepel19","email":"twinney2h@bigcartel.com","name":"Abe","favProperties":[],"suspended":false}
{"_id":{"$oid":"6648bb0ec20755907f7c8fd3"},"username":"msantora1j","email":"bexeter2i@unicef.org","name":"Flossi","favProperties":[],"suspended":false}
{"_id":{"$oid":"6648bb0ec20755907f7c8fd4"},"username":"jiacovozzo1n","email":"tmathias2j@ustream.tv","name":"Phelia","favProperties":[],"suspended":false}
{"_id":{"$oid":"6648bb0ec20755907f7c8fd5"},"username":"estenners5","email":"ipetrillo2k@seattletimes.com","name":"Kyrstin","favProperties":[],"suspended":false}
{"_id":{"$oid":"6648bb0ec20755907f7c8fd6"},"username":"mdakhovl","email":"twilshin2l@blogger.com","name":"Estrellita","favProperties":[],"suspended":false}
{"_id":{"$oid":"6648bb0ec20755907f7c8fd7"},"username":"abettam24","email":"brailton26@example.com","name":"Averyl","favProperties":[],"suspended":false}
{"_id":{"$oid":"6648bb0ec20755907f7c8fd8"},"username":"efairnj","email":"bdeangelis2o@unesco.org","name":"Estrellita","favProperties":[],"suspended":false}
{"_id":{"$oid":"6648bb0ec20755907f7c8fd9"},"username":"athorndycraft20","email":"cbrech2p@a8.net","name":"Zacharia","favProperties":[],"suspended":false}
{"_id":{"$oid":"6648bb0ec20755907f7c8fda"},"username":"pingilsony","email":"sroddell28@mac.com","name":"Windham","favProperties":[],"suspended":false}
{"_id":{"$oid":"6648bb0ec20755907f7c8fdb"},"username":"dflieger13","email":"awhorall2q@fc2.com","name":"Jeannette","favProperties":[],"suspended":false}
{"_id":{"$oid":"6648bb0ec20755907f7c8fdc"},"username":"cmarjot26","email":"sbody2m@springer.com","name":"Tricia","favProperties":[],"suspended":false}
{"_id":{"$oid":"6648bb0ec20755907f7c8fdd"},"username":"ggayei","email":"cflorence2r@guardian.co.uk","name":"Isidora","favProperties":[],"suspended":false}
{"_id":{"$oid":"6648bb0ec20755907f7c8fde"},"username":"ablaik4","email":"amcquilliam2n@alibaba.com","name":"Mercedes","favProperties":[],"suspended":false}
