[{"username":"chowsam29","email":"sgoodby0@cdc.gov","name":"Caleb"},
{"username":"mwanne1c","email":"kedmunds1@geocities.jp","name":"Dayle"},
{"username":"aelland15","email":"bpaal2@digg.com","name":"Reidar"},
{"username":"massirattim","email":"chambrick3@nba.com","name":"Gayel"},
{"username":"dnorway1z","email":"tmccosh4@i2i.jp","name":"Eydie"},
{"username":"ered2h","email":"ecoleshill5@yellowbook.com","name":"Briant"},
{"username":"dbaldocci2","email":"jhamor6@addthis.com","name":"Ileana"},
{"username":"ujeffcoate1d","email":"mainsworth7@apple.com","name":"Christiane"},
{"username":"mdebnamv","email":"tebbs8@ed.gov","name":"Eydie"},
{"username":"roriel14","email":"tgammage9@ebay.co.uk","name":"Cherida"},
{"username":"dflieger13","email":"hodohertya@hatena.ne.jp","name":"Leah"},
{"username":"bbriteeb","email":"acastiblancob@toplist.cz","name":"Marabel"},
{"username":"cshoard2a","email":"rhallsworthc@printfriendly.com","name":"Brand"},
{"username":"itownson2e","email":"tdelead@weather.com","name":"Dollie"},
{"username":"roriel14","email":"sgawkese@scientificamerican.com","name":"Andy"},
{"username":"cmcgranne","email":"tpuckringf@ameblo.jp","name":"Cecilius"},
{"username":"gcolliar0","email":"eabramoviczg@biblegateway.com","name":"Cecil"},
{"username":"ggayei","email":"sharradh@eventbrite.com","name":"Mary"},
{"username":"criepel19","email":"mvasilkovi@cafepress.com","name":"Daisy"},
{"username":"ihallets","email":"civersonj@cbc.ca","name":"Ephraim"},
{"username":"fashbridge2d","email":"calgyk@people.com.cn","name":"Amandi"},
{"username":"wmcquillin6","email":"dquadriol@youku.com","name":"Briggs"},
{"username":"cmoscone0","email":"chousamanm@imageshack.us","name":"Debee"},
{"username":"amaiden1y","email":"cfludgaten@forbes.com","name":"Estrellita"},
{"username":"lbaughn12","email":"cdignumo@twitter.com","name":"Mario"},
{"username":"epfiffer1g","email":"bbrauningerp@huffingtonpost.com","name":"Mario"},
{"username":"cmarjot26","email":"jclubbeq@blinklist.com","name":"Dael"},
{"username":"amaiden1y","email":"ndecourcyr@nhs.uk","name":"Addi"},
{"username":"itownson2e","email":"nremmerss@si.edu","name":"Guthrey"},
{"username":"mwanne1c","email":"jandreast@rakuten.co.jp","name":"Amandi"},
{"username":"itownson2e","email":"jfurlowu@google.cn","name":"Windham"},
{"username":"gpellissier27","email":"agallantv@nbcnews.com","name":"Dollie"},
{"username":"gcardillo18","email":"tharmantw@skyrock.com","name":"Dollie"},
{"username":"gpellissier27","email":"mmclachlanx@msn.com","name":"Averyl"},
{"username":"gpeekz","email":"mstillerty@smh.com.au","name":"Amandi"},
{"username":"lpetroulisk","email":"lcrucez@senate.gov","name":"Rudiger"},
{"username":"jiacovozzo1n","email":"nbresnahan10@mozilla.com","name":"Royall"},
{"username":"efairnj","email":"rforrestall11@japanpost.jp","name":"Briant"},
{"username":"dschinetti1f","email":"gtrussell12@twitpic.com","name":"Estrellita"},
{"username":"ngraith3","email":"rmohammad13@timesonline.co.uk","name":"Andy"},
{"username":"ihallets","email":"edavson14@imageshack.us","name":"Bride"},
{"username":"gdudeney1x","email":"bborthwick15@sciencedaily.com","name":"Debee"},
{"username":"bmanifield2g","email":"ncockerill16@paypal.com","name":"Jeannette"},
{"username":"cmcgranne","email":"jjanz17@arstechnica.com","name":"Padraig"},
{"username":"bbriteeb","email":"fsteddall18@ftc.gov","name":"Addi"},
{"username":"tragbourne4","email":"wdallan19@bigcartel.com","name":"Gothart"},
{"username":"gpellissier27","email":"kburbury1a@yelp.com","name":"Constance"},
{"username":"mwanne1c","email":"rdumingo1b@quantcast.com","name":"Olympie"},
{"username":"tragbourne4","email":"zyurkevich1c@rediff.com","name":"Elset"},
{"username":"amaiden1y","email":"bvink1d@bloglovin.com","name":"Isidora"},
{"username":"rtomaszek8","email":"ggravet1e@ihg.com","name":"Patsy"},
{"username":"efairnj","email":"qtran1f@miibeian.gov.cn","name":"Jeannette"},
{"username":"bbattams1w","email":"nlapsley1g@cdc.gov","name":"Gayel"},
{"username":"dmcbryde1r","email":"jalaway1h@accuweather.com","name":"Debee"},
{"username":"ashucksmithr","email":"atourner1i@engadget.com","name":"Zorah"},
{"username":"estenners5","email":"jbonn1j@github.com","name":"Evvie"},
{"username":"tragbourne4","email":"hhans1k@digg.com","name":"Zorah"},
{"username":"asumptionf","email":"amacgauhy1l@marketwatch.com","name":"Korella"},
{"username":"cgrzeszczakq","email":"bsturges1m@ezinearticles.com","name":"Debee"},
{"username":"fkhosa9","email":"nbrabbins1n@squarespace.com","name":"Patsy"},
{"username":"lashbrook2f","email":"sofeeney1o@cnet.com","name":"Ephraim"},
{"username":"ostockoe9","email":"merrichi1p@apple.com","name":"Briggs"},
{"username":"dschinetti1f","email":"agrigolli1q@nps.gov","name":"Guthrey"},
{"username":"efairnj","email":"fkimmins1r@smugmug.com","name":"Sutherlan"},
{"username":"dflieger13","email":"jralphs1s@pen.io","name":"Magda"},
{"username":"dsokale1l","email":"kwooding1t@chicagotribune.com","name":"Demetri"},
{"username":"chowsam29","email":"wrobelet1u@businessinsider.com","name":"Gothart"},
{"username":"njenkyn1o","email":"esquirrell1v@domainmarket.com","name":"Chaim"},
{"username":"gboggis2b","email":"rsimonian1w@wired.com","name":"Cecil"},
{"username":"ihallets","email":"nbrecknell1x@ebay.co.uk","name":"Gilberta"},
{"username":"criepel19","email":"zstuckow1y@unblog.fr","name":"Brand"},
{"username":"gpellissier27","email":"ianstiss1z@loc.gov","name":"Leah"},
{"username":"tragbourne4","email":"wcattel20@abc.net.au","name":"Gilberta"},
{"username":"kkorb1e","email":"trenn21@google.cn","name":"Camilla"},
{"username":"hmccarroll5","email":"aivanishchev22@nih.gov","name":"Ganny"},
{"username":"clindholm6","email":"mdachey23@jigsy.com","name":"Loretta"},
{"username":"nmacaskie28","email":"bvick24@time.com","name":"Caesar"},
{"username":"kcaulcottd","email":"vklaessen25@wsj.com","name":"Tate"},
{"username":"abettam24","email":"brailton26@example.com","name":"Averyl"},
{"username":"zrickford16","email":"npepall27@plala.or.jp","name":"Gard"},
{"username":"pingilsony","email":"sroddell28@mac.com","name":"Windham"},
{"username":"rtomaszek8","email":"cmarquese29@wired.com","name":"Gothart"},
{"username":"cclardge1","email":"sfetherstonhaugh2a@feedburner.com","name":"Dollie"},
{"username":"briccardini8","email":"mhaney2b@fastcompany.com","name":"Amandi"},
{"username":"ostockoe9","email":"cemloch2c@mapquest.com","name":"Lotta"},
{"username":"tragbourne4","email":"jtague2d@nytimes.com","name":"Debee"},
{"username":"mdurston2c","email":"pspennock2e@google.it","name":"Ganny"},
{"username":"nmacaskie28","email":"cpeeter2f@cloudflare.com","name":"Mame"},
{"username":"mdebnamv","email":"bmaddrell2g@xing.com","name":"Rita"},
{"username":"criepel19","email":"twinney2h@bigcartel.com","name":"Abe"},
{"username":"msantora1j","email":"bexeter2i@unicef.org","name":"Flossi"},
{"username":"jiacovozzo1n","email":"tmathias2j@ustream.tv","name":"Phelia"},
{"username":"estenners5","email":"ipetrillo2k@seattletimes.com","name":"Kyrstin"},
{"username":"mdakhovl","email":"twilshin2l@blogger.com","name":"Estrellita"},
{"username":"cmarjot26","email":"sbody2m@springer.com","name":"Tricia"},
{"username":"ablaik4","email":"amcquilliam2n@alibaba.com","name":"Mercedes"},
{"username":"efairnj","email":"bdeangelis2o@unesco.org","name":"Estrellita"},
{"username":"athorndycraft20","email":"cbrech2p@a8.net","name":"Zacharia"},
{"username":"dflieger13","email":"awhorall2q@fc2.com","name":"Jeannette"},
{"username":"ggayei","email":"cflorence2r@guardian.co.uk","name":"Isidora"}]