{"_id":{"$oid":"663077f64a8047c1598068b4"},"title":"Downtown Loft","description":"Modern loft in the heart of the city.","price":900000,"location":"central","agent":"agent_user","status":"For Sale"}
{"_id":{"$oid":"663077f64a8047c1598068b5"},"title":"Suburban Home","description":"Family-friendly home in a quiet suburban neighborhood.","price":1200000,"location":"west","agent":"agent_user2","status":"For Sale"}
{"_id":{"$oid":"663077fd4a8047c1598068b6"},"title":"Riverside Cottage","description":"Quaint cottage along the riverbank, surrounded by nature.","price":800000,"location":"south","agent":"agent_user3","status":"For Sale"}
{"_id":{"$oid":"663077fd4a8047c1598068b7"},"title":"Mountain Cabin","description":"Cozy cabin nestled in the mountains, perfect for outdoor enthusiasts.","price":1100000,"location":"north","agent":"agent_user3","status":"For Sale"}
{"_id":{"$oid":"663078644a8047c1598068b8"},"title":"Luxury Penthouse","description":"Elegant penthouse with panoramic city views and luxury amenities.","price":2500000,"location":"central","agent":"agent_user2","status":"For Sale"}
{"_id":{"$oid":"663b86b5f17316d9e2c0a05d"},"title":"Modern Apartment Downtown","description":"Stylish apartment in the heart of the city with stunning views.","price":850000,"location":"central","agent":"agent_user","status":"Sold"}
{"_id":{"$oid":"663b86b5f17316d9e2c0a05e"},"title":"Cozy Townhouse","description":"Charming townhouse in a quiet neighborhood, perfect for a family.","price":720000,"location":"west","agent":"agent_user","status":"Sold"}
{"_id":{"$oid":"663b86b5f17316d9e2c0a05f"},"title":"Luxury Beachfront Condo","description":"Elegant condo with direct access to the beach and resort-style amenities.","price":2000000,"location":"east","agent":"agent_user2","status":"Sold"}
{"_id":{"$oid":"663b86b5f17316d9e2c0a060"},"title":"Spacious Country Estate","description":"Expansive estate surrounded by lush countryside, ideal for privacy and tranquility.","price":1500000,"location":"north","agent":"agent_user2","status":"Sold"}
{"_id":{"$oid":"663b86b5f17316d9e2c0a061"},"title":"Rustic Lakeside Cabin","description":"Quaint cabin nestled by the lake, offering serene views and outdoor activities.","price":500000,"location":"south","agent":"agent_user3","status":"Sold"}
{"_id":{"$oid":"663b86b5f17316d9e2c0a062"},"title":"Mountain Retreat","description":"Secluded retreat in the mountains, featuring breathtaking views and nature trails.","price":900000,"location":"west","agent":"agent_user3","status":"Sold"}
{"_id":{"$oid":"66487112f17316d9e2c0a069"},"title":"Ranch Style Retreat","description":"Lakefront cottage with a dock","price":937671,"location":"West","agent":"zmcilenna7","status":"Sold"}
{"_id":{"$oid":"66487112f17316d9e2c0a06a"},"title":"Italian Renaissance Villa","description":"Coastal getaway with a surf shack","price":403299,"location":"West","agent":"dschinetti1f","status":"For Sale"}
{"_id":{"$oid":"66487112f17316d9e2c0a06b"},"title":"Transitional Coastal Retreat","description":"Mountain chalet with a sauna","price":592591,"location":"West","agent":"mrashert","status":"Sold"}
{"_id":{"$oid":"66487200f17316d9e2c0a06c"},"title":"Funky Urban Warehouse","description":"Pet-friendly apartment with a pet spa","price":931992,"location":"West","agent":"ujeffcoate1d","status":"For Sale"}
{"_id":{"$oid":"66487200f17316d9e2c0a06d"},"title":"French Provincial Estate","description":"Tropical bungalow with a thatched roof","price":594507,"location":"North","agent":"gcardillo18","status":"Sold"}
{"_id":{"$oid":"66487200f17316d9e2c0a06e"},"title":"Georgian Colonial Residence","description":"Beachfront villa with private pool","price":184726,"location":"South","agent":"gpellissier27","status":"Sold"}
{"_id":{"$oid":"66487200f17316d9e2c0a06f"},"title":"Urban Industrial Loft","description":"Contemporary townhouse with smart home technology","price":13721,"location":"West","agent":"tragbourne4","status":"Sold"}
{"_id":{"$oid":"66487200f17316d9e2c0a070"},"title":"English Tudor Estate","description":"Yoga retreat with a zen garden","price":604978,"location":"West","agent":"gdudeney1x","status":"Sold"}
{"_id":{"$oid":"66487200f17316d9e2c0a071"},"title":"Industrial Warehouse Conversion","description":"Urban studio with industrial chic design","price":440660,"location":"East","agent":"athorndycraft20","status":"For Sale"}
{"_id":{"$oid":"66487200f17316d9e2c0a072"},"title":"Modern Mediterranean Villa","description":"Historic mansion with original details","price":530519,"location":"East","agent":"acliburng","status":"For Sale"}
{"_id":{"$oid":"66487200f17316d9e2c0a073"},"title":"Spanish Colonial Hacienda","description":"Rustic cabin in the woods","price":589986,"location":"West","agent":"allewelly1s","status":"Sold"}
{"_id":{"$oid":"66487200f17316d9e2c0a074"},"title":"Cottagecore Dream Home","description":"Luxurious penthouse with a private elevator","price":30789,"location":"West","agent":"phenriques21","status":"Sold"}
{"_id":{"$oid":"66487200f17316d9e2c0a075"},"title":"Quaint Countryside Cottage","description":"Pet-friendly rental with a fenced yard","price":425221,"location":"North","agent":"wmcquillin6","status":"For Sale"}
{"_id":{"$oid":"66487200f17316d9e2c0a076"},"title":"Industrial Chic Warehouse","description":"Family-friendly home with a playroom","price":118348,"location":"North","agent":"howsam29","status":"For Sale"}
{"_id":{"$oid":"6648722cf17316d9e2c0a077"},"title":"Craftsman Bungalow Charm","description":"Yoga retreat with a meditation garden","price":659596,"location":"North","agent":"ostockoe9","status":"For Sale"}
{"_id":{"$oid":"6648722cf17316d9e2c0a078"},"title":"Baroque Style Palace","description":"Rural farmhouse with a barn","price":122383,"location":"West","agent":"ngraith3","status":"For Sale"}
{"_id":{"$oid":"6648722cf17316d9e2c0a079"},"title":"Modernist Glass House","description":"Luxurious penthouse with a private pool","price":110134,"location":"West","agent":"dperle10","status":"For Sale"}
{"_id":{"$oid":"6648722cf17316d9e2c0a07a"},"title":"Japanese Zen Garden Retreat","description":"Family home with a backyard playground","price":207790,"location":"East","agent":"cclardge1","status":"For Sale"}
{"_id":{"$oid":"6648722cf17316d9e2c0a07b"},"title":"Mediterranean Coastal Villa","description":"Retreat with a yoga studio","price":309251,"location":"North","agent":"howsam29","status":"Sold"}
{"_id":{"$oid":"6648722cf17316d9e2c0a07c"},"title":"Funky Urban Warehouse","description":"Rural farmhouse with a barn","price":722529,"location":"West","agent":"asumptionf","status":"For Sale"}
{"_id":{"$oid":"6648722cf17316d9e2c0a07d"},"title":"Arts and Crafts Cottage","description":"Ski chalet with a ski-in/ski-out access","price":19554,"location":"West","agent":"lbaughn12","status":"For Sale"}
{"_id":{"$oid":"6648722cf17316d9e2c0a07e"},"title":"Traditional Coastal Mansion","description":"Eco-friendly house with a green roof","price":462244,"location":"South","agent":"bcockerill1t","status":"For Sale"}
{"_id":{"$oid":"6648722cf17316d9e2c0a07f"},"title":"Modern Mountain Cabin","description":"Countryside escape with a pond","price":45158,"location":"East","agent":"bmanifield2g","status":"For Sale"}
{"_id":{"$oid":"6648722cf17316d9e2c0a080"},"title":"Scandinavian Inspired Retreat","description":"Artistic studio space with natural light","price":314753,"location":"East","agent":"ered2h","status":"For Sale"}
{"_id":{"$oid":"6648722cf17316d9e2c0a081"},"title":"Vintage Farmhouse Estate","description":"Modern townhouse with rooftop terrace","price":967993,"location":"South","agent":"bmanifield2g","status":"Sold"}
{"_id":{"$oid":"66487256f17316d9e2c0a082"},"title":"Swiss Chalet Inspired Residence","description":"Rustic retreat with a wood-burning stove","price":197324,"location":"South","agent":"mdurston2c","status":"Sold"}
{"_id":{"$oid":"66487256f17316d9e2c0a083"},"title":"Moroccan Boho Chic Riad","description":"Secluded hideaway with a hot spring","price":703361,"location":"East","agent":"fkhosa9","status":"Sold"}
{"_id":{"$oid":"66487256f17316d9e2c0a084"},"title":"Arts and Crafts Cottage","description":"Sleek penthouse with city skyline views","price":730651,"location":"West","agent":"sraspel23","status":"For Sale"}
{"_id":{"$oid":"66487256f17316d9e2c0a085"},"title":"Bohemian Rhapsody Retreat","description":"Eco-friendly house with a green roof","price":568724,"location":"East","agent":"bfantin1k","status":"For Sale"}
{"_id":{"$oid":"66487256f17316d9e2c0a086"},"title":"Midcentury Palm Springs Oasis","description":"Artistic studio space with natural light","price":115084,"location":"East","agent":"cmattacks2","status":"Sold"}
{"_id":{"$oid":"66487256f17316d9e2c0a087"},"title":"Mediterranean Coastal Villa","description":"Ski-in/ski-out condo with a hot tub","price":173582,"location":"South","agent":"cmoscone0","status":"For Sale"}
{"_id":{"$oid":"66487256f17316d9e2c0a088"},"title":"Mediterranean Coastal Villa","description":"City loft with skyline views","price":804699,"location":"West","agent":"dtonguex","status":"Sold"}
{"_id":{"$oid":"66487256f17316d9e2c0a089"},"title":"Southwestern Adobe Home","description":"Luxurious penthouse with a private pool","price":921676,"location":"West","agent":"cmoscone0","status":"Sold"}
{"_id":{"$oid":"66487256f17316d9e2c0a08a"},"title":"Contemporary Craftsman Bungalow","description":"Desert retreat with a pool","price":92213,"location":"North","agent":"amaiden1y","status":"For Sale"}
{"_id":{"$oid":"66487256f17316d9e2c0a08b"},"title":"Rustic Log Cabin","description":"Tropical paradise with lush gardens","price":584868,"location":"South","agent":"dflieger13","status":"Sold"}
{"_id":{"$oid":"664872a2f17316d9e2c0a08c"},"title":"Charming Beach Bungalow","description":"Modern townhouse with a rooftop deck","price":994248,"location":"South","agent":"epfiffer1g","status":"For Sale"}
{"_id":{"$oid":"664872a2f17316d9e2c0a08d"},"title":"Mediterranean Coastal Villa","description":"Rustic retreat with a wine cellar","price":219833,"location":"North","agent":"dbaldocci2","status":"For Sale"}
{"_id":{"$oid":"664872a2f17316d9e2c0a08e"},"title":"Coastal Cape Cod Cottage","description":"Urban apartment with city views","price":794084,"location":"North","agent":"rteuliern","status":"For Sale"}
{"_id":{"$oid":"664872a2f17316d9e2c0a08f"},"title":"French Provincial Estate","description":"Sustainable home with a rainwater collection system","price":489765,"location":"South","agent":"amaiden1y","status":"For Sale"}
{"_id":{"$oid":"664872a2f17316d9e2c0a090"},"title":"Artistic Bohemian Loft","description":"Artist's retreat with a studio space","price":368191,"location":"West","agent":"ashucksmithr","status":"For Sale"}
{"_id":{"$oid":"664872a2f17316d9e2c0a091"},"title":"Contemporary Craftsman Bungalow","description":"Spacious loft in the city","price":649762,"location":"West","agent":"athorndycraft20","status":"For Sale"}
{"_id":{"$oid":"664872a2f17316d9e2c0a092"},"title":"Japanese Zen Garden Retreat","description":"Sleek penthouse with city skyline views","price":721152,"location":"East","agent":"erickerby1u","status":"Sold"}
{"_id":{"$oid":"664872a2f17316d9e2c0a093"},"title":"Contemporary Desert Hideaway","description":"Mountain chalet with a sauna","price":693101,"location":"East","agent":"wmcquillin6","status":"For Sale"}
{"_id":{"$oid":"664872a2f17316d9e2c0a094"},"title":"Moroccan Boho Chic Riad","description":"Rustic cabin in the woods","price":56538,"location":"South","agent":"zmcilenna7","status":"Sold"}
{"_id":{"$oid":"664872a2f17316d9e2c0a095"},"title":"Southwestern Adobe Home","description":"Historical landmark with period features","price":198491,"location":"South","agent":"cclardge1","status":"Sold"}
{"_id":{"$oid":"664872a2f17316d9e2c0a096"},"title":"Eclectic Mountain Lodge","description":"Desert retreat with a pool","price":83279,"location":"South","agent":"clindholm6","status":"Sold"}
{"_id":{"$oid":"664872c4f17316d9e2c0a097"},"title":"Farmhouse Chic Retreat","description":"Desert oasis with a pool and spa","price":773878,"location":"East","agent":"ujeffcoate1d","status":"For Sale"}
{"_id":{"$oid":"664872c4f17316d9e2c0a098"},"title":"Arts and Crafts Cottage","description":"Sustainable home with a rainwater collection system","price":906969,"location":"North","agent":"sredsellc","status":"Sold"}
{"_id":{"$oid":"664872c4f17316d9e2c0a099"},"title":"Minimalist Treehouse Escape","description":"Ski-in/ski-out condo with a hot tub","price":206221,"location":"South","agent":"mguihen3","status":"Sold"}
{"_id":{"$oid":"664872c4f17316d9e2c0a09a"},"title":"Craftsman Bungalow Charm","description":"Chic apartment with a walk-in closet","price":108254,"location":"West","agent":"cmoscone0","status":"Sold"}
{"_id":{"$oid":"664872c4f17316d9e2c0a09b"},"title":"Boho Chic Retreat","description":"Suburban townhome with a backyard","price":563840,"location":"East","agent":"kmarneru","status":"For Sale"}
{"_id":{"$oid":"664872c4f17316d9e2c0a09c"},"title":"Bohemian Artist Studio","description":"Mountain lodge with a sauna","price":314856,"location":"South","agent":"gcolliar0","status":"Sold"}
{"_id":{"$oid":"664872c4f17316d9e2c0a09d"},"title":"Spanish Mission Style Home","description":"Secluded hideaway with panoramic views","price":166932,"location":"North","agent":"fashbridge2d","status":"For Sale"}
{"_id":{"$oid":"664872c4f17316d9e2c0a09e"},"title":"Modern Mediterranean Villa","description":"Secluded cabin with a fire pit","price":257053,"location":"North","agent":"cmoscone0","status":"For Sale"}
{"_id":{"$oid":"664872c4f17316d9e2c0a09f"},"title":"Spanish Colonial Hacienda","description":"Luxurious penthouse with a private pool","price":567135,"location":"North","agent":"dnorway1z","status":"Sold"}
{"_id":{"$oid":"664872c4f17316d9e2c0a0a0"},"title":"Art Deco Beachfront Villa","description":"Urban oasis with a rooftop garden","price":741961,"location":"South","agent":"otroman1i","status":"For Sale"}
{"_id":{"$oid":"664872c4f17316d9e2c0a0a1"},"title":"Bali Inspired Sanctuary","description":"Luxurious penthouse with a private pool","price":328746,"location":"North","agent":"zmcilenna7","status":"For Sale"}
{"_id":{"$oid":"664872e4f17316d9e2c0a0a2"},"title":"Spanish Mission Style Home","description":"Desert retreat with a pool","price":41835,"location":"West","agent":"ashucksmithr","status":"Sold"}
{"_id":{"$oid":"664872e4f17316d9e2c0a0a3"},"title":"Victorian Era Manor","description":"Luxurious penthouse with a private elevator","price":112573,"location":"West","agent":"erickerby1u","status":"Sold"}
{"_id":{"$oid":"664872e4f17316d9e2c0a0a4"},"title":"Bali Inspired Sanctuary","description":"Suburban townhome with a backyard","price":602488,"location":"North","agent":"aelland15","status":"For Sale"}
{"_id":{"$oid":"664872e4f17316d9e2c0a0a5"},"title":"Boho Chic Retreat","description":"Pet-friendly apartment with a dog park","price":343326,"location":"North","agent":"estenners5","status":"For Sale"}
{"_id":{"$oid":"664872e4f17316d9e2c0a0a6"},"title":"Minimalist Treehouse Escape","description":"Contemporary townhouse with smart home technology","price":187329,"location":"West","agent":"briccardini8","status":"For Sale"}
{"_id":{"$oid":"664872e4f17316d9e2c0a0a7"},"title":"Industrial Chic Warehouse","description":"Coastal cottage with ocean breezes","price":292095,"location":"East","agent":"allewelly1s","status":"For Sale"}
{"_id":{"$oid":"664872e4f17316d9e2c0a0a8"},"title":"Victorian Gothic Mansion","description":"Urban studio with industrial chic design","price":876712,"location":"East","agent":"lsherreardo","status":"For Sale"}
{"_id":{"$oid":"664872e4f17316d9e2c0a0a9"},"title":"Hip Mid-Century Modern","description":"Artist's retreat with a studio space","price":423400,"location":"West","agent":"keagger1","status":"Sold"}
{"_id":{"$oid":"664872e4f17316d9e2c0a0aa"},"title":"Vintage Farmhouse Estate","description":"Artistic loft with a gallery space","price":934884,"location":"North","agent":"gcolliar0","status":"For Sale"}
{"_id":{"$oid":"664872e4f17316d9e2c0a0ab"},"title":"Nautical Beach House","description":"Mountain chalet with a sauna","price":899372,"location":"West","agent":"bbattams1w","status":"For Sale"}
{"_id":{"$oid":"664872e4f17316d9e2c0a0ac"},"title":"Italian Renaissance Villa","description":"Urban studio with industrial chic design","price":779558,"location":"West","agent":"pcalcrafth","status":"Sold"}
{"_id":{"$oid":"6648730ff17316d9e2c0a0ad"},"title":"Swiss Chalet Inspired Residence","description":"Pet-friendly apartment with a dog park","price":232655,"location":"South","agent":"dbaldocci2","status":"Sold"}
{"_id":{"$oid":"6648730ff17316d9e2c0a0ae"},"title":"Sustainable Eco-Friendly Home","description":"Sleek penthouse with city skyline views","price":911829,"location":"North","agent":"epfiffer1g","status":"Sold"}
{"_id":{"$oid":"6648730ff17316d9e2c0a0af"},"title":"Contemporary Craftsman Bungalow","description":"Contemporary apartment with open floor plan","price":176906,"location":"West","agent":"howsam29","status":"Sold"}
{"_id":{"$oid":"6648730ff17316d9e2c0a0b0"},"title":"Industrial Chic Warehouse","description":"Waterfront estate with a boat dock","price":739718,"location":"East","agent":"itownson2e","status":"Sold"}
{"_id":{"$oid":"6648730ff17316d9e2c0a0b1"},"title":"Whimsical Garden Cottage","description":"Family home with a home theater","price":585131,"location":"East","agent":"ostockoe9","status":"Sold"}
{"_id":{"$oid":"6648730ff17316d9e2c0a0b2"},"title":"Tropical Bali Villa","description":"Eco-friendly house with a green roof","price":643444,"location":"North","agent":"otroman1i","status":"For Sale"}
{"_id":{"$oid":"6648730ff17316d9e2c0a0b3"},"title":"Moroccan Boho Chic Riad","description":"Secluded hideaway with a hot spring","price":364356,"location":"West","agent":"acliburng","status":"Sold"}
{"_id":{"$oid":"6648730ff17316d9e2c0a0b4"},"title":"Charming Beach Bungalow","description":"City penthouse with a private terrace","price":644059,"location":"North","agent":"briccardini8","status":"Sold"}
{"_id":{"$oid":"6648730ff17316d9e2c0a0b5"},"title":"Asian Zen Retreat","description":"Retreat with a yoga studio","price":495078,"location":"West","agent":"dmcbryde1r","status":"For Sale"}
{"_id":{"$oid":"6648730ff17316d9e2c0a0b6"},"title":"Contemporary Desert Hideaway","description":"Historic home with a wrap-around porch","price":878912,"location":"South","agent":"msantora1j","status":"For Sale"}
{"_id":{"$oid":"6648730ff17316d9e2c0a0b7"},"title":"Whimsical Garden Cottage","description":"Beachfront property with a cabana","price":447697,"location":"East","agent":"fashbridge2d","status":"For Sale"}
{"_id":{"$oid":"6648732ff17316d9e2c0a0b8"},"title":"English Tudor Estate","description":"Ski-in/ski-out chalet in the mountains","price":204264,"location":"South","agent":"rgregorinp","status":"Sold"}
{"_id":{"$oid":"6648732ff17316d9e2c0a0b9"},"title":"Stylish Ski Chalet","description":"Luxurious penthouse with a private pool","price":45478,"location":"East","agent":"kcaulcottd","status":"Sold"}
{"_id":{"$oid":"6648732ff17316d9e2c0a0ba"},"title":"Vintage Farmhouse Estate","description":"Coastal getaway with a surf shack","price":369061,"location":"East","agent":"bchasmer22","status":"Sold"}
{"_id":{"$oid":"6648732ff17316d9e2c0a0bb"},"title":"Serene Forest Cabin","description":"Modern townhouse with a rooftop deck","price":492937,"location":"West","agent":"dperle10","status":"For Sale"}
{"_id":{"$oid":"6648732ff17316d9e2c0a0bc"},"title":"Spanish Revival Villa","description":"Family home with a backyard playground","price":799357,"location":"North","agent":"wmcquillin6","status":"For Sale"}
{"_id":{"$oid":"6648732ff17316d9e2c0a0bd"},"title":"French Provincial Estate","description":"Desert retreat with a desert garden","price":905597,"location":"West","agent":"pcalcrafth","status":"For Sale"}
{"_id":{"$oid":"6648732ff17316d9e2c0a0be"},"title":"Coastal Cape Cod Cottage","description":"Tropical bungalow with a poolside cabana","price":882464,"location":"North","agent":"allewelly1s","status":"Sold"}
{"_id":{"$oid":"6648732ff17316d9e2c0a0bf"},"title":"French Riviera Inspired Villa","description":"Pet-friendly rental with a pet playground","price":191623,"location":"West","agent":"aelland15","status":"For Sale"}
{"_id":{"$oid":"6648732ff17316d9e2c0a0c0"},"title":"English Tudor Estate","description":"Downtown loft with exposed brick walls","price":744550,"location":"North","agent":"gbriat1a","status":"Sold"}
{"_id":{"$oid":"66487353f17316d9e2c0a0c1"},"title":"Urban Jungle Loft","description":"Eco-friendly house with solar panels","price":657860,"location":"South","agent":"njenkyn1o","status":"Sold"}
{"_id":{"$oid":"66487353f17316d9e2c0a0c2"},"title":"Moorish Influenced Palace","description":"Country home with wrap-around porch","price":516171,"location":"East","agent":"ered2h","status":"For Sale"}
{"_id":{"$oid":"66487353f17316d9e2c0a0c3"},"title":"Boho Chic Retreat","description":"Desert retreat with a pool","price":496163,"location":"East","agent":"zmcilenna7","status":"Sold"}
{"_id":{"$oid":"66487353f17316d9e2c0a0c4"},"title":"Funky Urban Warehouse","description":"Eco-friendly house with a green roof","price":817348,"location":"South","agent":"lpetroulisk","status":"For Sale"}
{"_id":{"$oid":"66487353f17316d9e2c0a0c5"},"title":"Vintage Farmhouse Estate","description":"Eco-friendly house with a green roof","price":802565,"location":"North","agent":"athorndycraft20","status":"Sold"}
{"_id":{"$oid":"66487353f17316d9e2c0a0c6"},"title":"Art Nouveau Villa","description":"Secluded cabin with a fire pit","price":997792,"location":"South","agent":"fashbridge2d","status":"Sold"}
{"_id":{"$oid":"66487353f17316d9e2c0a0c7"},"title":"Retro 70s Inspired Pad","description":"Contemporary townhouse with smart home technology","price":186309,"location":"North","agent":"bchasmer22","status":"Sold"}
{"_id":{"$oid":"66487353f17316d9e2c0a0c8"},"title":"Baroque Style Palace","description":"Pet-friendly apartment with a pet spa","price":29082,"location":"South","agent":"dbaldocci2","status":"Sold"}
{"_id":{"$oid":"66487353f17316d9e2c0a0c9"},"title":"Georgian Colonial Residence","description":"Secluded hideaway with a hot spring","price":194173,"location":"South","agent":"mdurston2c","status":"For Sale"}
{"_id":{"$oid":"66487353f17316d9e2c0a0ca"},"title":"Luxurious City Penthouse","description":"Charming farmhouse with a garden","price":959085,"location":"West","agent":"ujeffcoate1d","status":"Sold"}
{"_id":{"$oid":"66487353f17316d9e2c0a0cb"},"title":"Spacious Suburban Home","description":"Lake house with a lakeside gazebo","price":330150,"location":"East","agent":"khail1p","status":"Sold"}
{"_id":{"$oid":"66487353f17316d9e2c0a0cc"},"title":"Serene Forest Cabin","description":"Urban studio with industrial chic design","price":155022,"location":"East","agent":"asumptionf","status":"For Sale"}
