{"_id":{"$oid":"663c94c9f17316d9e2c0a066"},"username":"agent_user","ratings":[4,5,3,4,3,5,4,5],"name":"John"}
{"_id":{"$oid":"663c94d0f17316d9e2c0a067"},"username":"agent_user2","ratings":[3,4,5,2,4,5,5],"name":"Emma"}
{"_id":{"$oid":"663c94d7f17316d9e2c0a068"},"username":"agent_user3","ratings":[5,4,3,5,3],"name":"Michael"}
{"_id":{"$oid":"6648e0b45a9fb4bfd863246d"},"username":"cmoscone0","name":"Chaim","ratings":[4,3,5,5,4]}
{"_id":{"$oid":"6648e0b45a9fb4bfd863246e"},"username":"efairnj","name":"Evvie","ratings":[5,5,4,5,4]}
{"_id":{"$oid":"6648e0b45a9fb4bfd863246f"},"username":"mdakhovl","name":"Mildrid","ratings":[3,4,5,4,3]}
{"_id":{"$oid":"6648e0b45a9fb4bfd8632470"},"username":"kcaulcottd","name":"Kip","ratings":[4,4,5,5,4]}
{"_id":{"$oid":"6648e0b45a9fb4bfd8632471"},"username":"pingilsony","name":"Phelia","ratings":[4,5,5,4,5]}
{"_id":{"$oid":"6648e0b45a9fb4bfd8632472"},"username":"ayankishin11","name":"Axel","ratings":[4,4,5,5,5]}
{"_id":{"$oid":"6648e0b45a9fb4bfd8632473"},"username":"dperle10","name":"Demetri","ratings":[4,5,4,3,4]}
{"_id":{"$oid":"6648e0b45a9fb4bfd8632474"},"username":"msnap7","name":"Mary","ratings":[5,4,5,5,5]}
{"_id":{"$oid":"6648e0b45a9fb4bfd8632475"},"username":"rgregorinp","name":"Rudiger","ratings":[5,5,4,5,5]}
{"_id":{"$oid":"6648e0b45a9fb4bfd8632476"},"username":"kkorb1e","name":"Kata","ratings":[5,5,4,5,5]}
{"_id":{"$oid":"6648e0b45a9fb4bfd8632477"},"username":"epfiffer1g","name":"Ely","ratings":[5,5,4,5,4]}
{"_id":{"$oid":"6648e0b45a9fb4bfd8632478"},"username":"gbriat1a","name":"Gard","ratings":[3,4,5,4,3]}
{"_id":{"$oid":"6648e0b45a9fb4bfd8632479"},"username":"khail1p","name":"Karlens","ratings":[4,5,5,4,5]}
{"_id":{"$oid":"6648e0b45a9fb4bfd863247a"},"username":"otroman1i","name":"Omar","ratings":[4,5,4,5,4]}
{"_id":{"$oid":"6648e0b45a9fb4bfd863247b"},"username":"dsokale1l","name":"Daisy","ratings":[5,4,5,5,4]}
{"_id":{"$oid":"6648e0b45a9fb4bfd863247c"},"username":"allewelly1s","name":"Alleyn","ratings":[4,4,5,5,4]}
{"_id":{"$oid":"6648e0b45a9fb4bfd863247d"},"username":"amaiden1y","name":"Adey","ratings":[4,5,4,5,5]}
{"_id":{"$oid":"6648e0b45a9fb4bfd863247e"},"username":"athorndycraft20","name":"Addi","ratings":[5,4,5,5,5]}
{"_id":{"$oid":"6648e0b45a9fb4bfd863247f"},"username":"acesaric25","name":"Amandi","ratings":[4,5,4,5,5]}
{"_id":{"$oid":"6648e0b45a9fb4bfd8632480"},"username":"phenriques21","name":"Padraig","ratings":[5,5,4,5,5]}
{"_id":{"$oid":"6648e0b45a9fb4bfd8632481"},"username":"jiacovozzo1n","name":"Jeannette","ratings":[5,5,4,5,5]}
{"_id":{"$oid":"6648e0b45a9fb4bfd8632482"},"username":"nmacaskie28","name":"Noni","ratings":[5,5,4,5,5]}
{"_id":{"$oid":"6648e0b45a9fb4bfd8632483"},"username":"gboggis2b","name":"Gus","ratings":[4,4,5,5,4]}
{"_id":{"$oid":"6648e0b45a9fb4bfd8632484"},"username":"itownson2e","name":"Isidora","ratings":[5,4,5,4,5]}
{"_id":{"$oid":"6648e0b45a9fb4bfd8632485"},"username":"bmanifield2g","name":"Briant","ratings":[4,5,5,4,5]}
