[
    {"username":"cmoscone0","name":"Chaim","ratings":[4,3,5,5,4]},
    {"username":"msnap7","name":"Mary","ratings":[5,4,5,5,5]},
    {"username":"kcaulcottd","name":"Kip","ratings":[4,4,5,5,4]},
    {"username":"efairnj","name":"Evvie","ratings":[5,5,4,5,4]},
    {"username":"mdakhovl","name":"Mildrid","ratings":[3,4,5,4,3]},
    {"username":"rgregorinp","name":"Rudiger","ratings":[5,5,4,5,5]},
    {"username":"pingilsony","name":"Phelia","ratings":[4,5,5,4,5]},
    {"username":"dperle10","name":"Demetri","ratings":[4,5,4,3,4]},
    {"username":"ayankishin11","name":"Axel","ratings":[4,4,5,5,5]},
    {"username":"gbriat1a","name":"Gard","ratings":[3,4,5,4,3]},
    {"username":"kkorb1e","name":"Kata","ratings":[5,5,4,5,5]},
    {"username":"epfiffer1g","name":"Ely","ratings":[5,5,4,5,4]},
    {"username":"otroman1i","name":"Omar","ratings":[4,5,4,5,4]},
    {"username":"dsokale1l","name":"Daisy","ratings":[5,4,5,5,4]},
    {"username":"jiacovozzo1n","name":"Jeannette","ratings":[5,5,4,5,5]},
    {"username":"khail1p","name":"Karlens","ratings":[4,5,5,4,5]},
    {"username":"allewelly1s","name":"Alleyn","ratings":[4,4,5,5,4]},
    {"username":"amaiden1y","name":"Adey","ratings":[4,5,4,5,5]},
    {"username":"athorndycraft20","name":"Addi","ratings":[5,4,5,5,5]},
    {"username":"phenriques21","name":"Padraig","ratings":[5,5,4,5,5]},
    {"username":"acesaric25","name":"Amandi","ratings":[4,5,4,5,5]},
    {"username":"nmacaskie28","name":"Noni","ratings":[5,5,4,5,5]},
    {"username":"gboggis2b","name":"Gus","ratings":[4,4,5,5,4]},
    {"username":"itownson2e","name":"Isidora","ratings":[5,4,5,4,5]},
    {"username":"bmanifield2g","name":"Briant","ratings":[4,5,5,4,5]}
  ]
  