{"_id":{"$oid":"663c811ef17316d9e2c0a063"},"name":"John","username":"agent_user","reviews":["Great service!","Very helpful agent.","The service provided by John was poor. I had several issues with the property listing process.","My experience with John was average. The communication could have been better.","John provided satisfactory service. They were responsive to my queries.","I had a great experience with John! They were very helpful throughout the entire process.","Fantastic service from John! They went above and beyond to meet my needs.","John was really helpful"]}
{"_id":{"$oid":"663c8126f17316d9e2c0a064"},"name":"Emma","username":"agent_user2","reviews":["I was not satisfied with the service provided by Emma. They seemed disinterested and unhelpful.","Emma's service was acceptable. They managed to get the job done, but it could have been smoother.","Emma provided decent service. They were knowledgeable about the properties.","Emma provided excellent service! They were attentive to my requirements and guided me well.","Outstanding service from Emma! They exceeded my expectations and made the process easy."]}
{"_id":{"$oid":"663c812ff17316d9e2c0a065"},"name":"Michael","username":"agent_user3","reviews":["The service from Michael was subpar. They were unresponsive and didn't address my concerns.","Michael's service was satisfactory. They helped me find a suitable property, but there were some delays.","I had a good experience with Michael. They were friendly and assisted me throughout the process.","Michael provided excellent service! They were professional and went out of their way to assist me.","I couldn't be happier with the service from Michael! They were exceptional in every aspect."]}
{"_id":{"$oid":"6648e0a4831549ebaca27f84"},"username":"cmoscone0","name":"Chaim","reviews":["The real estate agent was helpful and attentive throughout the entire process."]}
{"_id":{"$oid":"6648e0a4831549ebaca27f85"},"username":"msnap7","name":"Mary","reviews":["We couldn't be happier with the service we received from the real estate agent. They exceeded our expectations in every way."]}
{"_id":{"$oid":"6648e0a4831549ebaca27f86"},"username":"kcaulcottd","name":"Kip","reviews":["The real estate agent's knowledge of the market was invaluable in helping us secure a great deal on our new home."]}
{"_id":{"$oid":"6648e0a4831549ebaca27f87"},"username":"mdakhovl","name":"Mildrid","reviews":["The real estate agent was patient and understanding."]}
{"_id":{"$oid":"6648e0a4831549ebaca27f88"},"username":"rgregorinp","name":"Rudiger","reviews":["The real estate agent went above and beyond to negotiate a great deal for us on our new home."]}
{"_id":{"$oid":"6648e0a4831549ebaca27f89"},"username":"pingilsony","name":"Phelia","reviews":["The real estate agent was extremely knowledgeable and helped us find our dream home quickly."]}
{"_id":{"$oid":"6648e0a4831549ebaca27f8a"},"username":"dperle10","name":"Demetri","reviews":["Making the stressful process of buying a home much easier."]}
{"_id":{"$oid":"6648e0a4831549ebaca27f8b"},"username":"ayankishin11","name":"Axel","reviews":["The real estate agent was a pleasure to work with and made the home buying process smooth and stress-free."]}
{"_id":{"$oid":"6648e0a4831549ebaca27f8c"},"username":"gbriat1a","name":"Gard","reviews":["The real estate agent's knowledge of the market was invaluable in helping us secure a great deal on our new home."]}
{"_id":{"$oid":"6648e0a4831549ebaca27f8d"},"username":"otroman1i","name":"Omar","reviews":["The real estate agent was extremely knowledgeable and helped us find our dream home quickly."]}
{"_id":{"$oid":"6648e0a4831549ebaca27f8e"},"username":"epfiffer1g","name":"Ely","reviews":["We were impressed with the real estate agent's attention to detail and ability to guide us through the buying process."]}
{"_id":{"$oid":"6648e0a4831549ebaca27f8f"},"username":"dsokale1l","name":"Daisy","reviews":["The real estate agent was patient and understanding."]}
{"_id":{"$oid":"6648e0a4831549ebaca27f90"},"username":"jiacovozzo1n","name":"Jeannette","reviews":["The real estate agent's knowledge of the market was invaluable in helping us secure a great deal on our new home."]}
{"_id":{"$oid":"6648e0a4831549ebaca27f91"},"username":"khail1p","name":"Karlens","reviews":["The real estate agent was extremely knowledgeable and helped us find our dream home quickly."]}
{"_id":{"$oid":"6648e0a4831549ebaca27f92"},"username":"allewelly1s","name":"Alleyn","reviews":["The real estate agent was a pleasure to work with and made the home buying process smooth and stress-free."]}
{"_id":{"$oid":"6648e0a4831549ebaca27f93"},"username":"kkorb1e","name":"Kata","reviews":["The real estate agent was a pleasure to work with and made the home buying process smooth and stress-free."]}
{"_id":{"$oid":"6648e0a4831549ebaca27f94"},"username":"amaiden1y","name":"Adey","reviews":["We were impressed with the real estate agent's attention to detail and ability to guide us through the buying process."]}
{"_id":{"$oid":"6648e0a4831549ebaca27f95"},"username":"phenriques21","name":"Padraig","reviews":["The real estate agent went above and beyond to negotiate a great deal for us on our new home."]}
{"_id":{"$oid":"6648e0a4831549ebaca27f96"},"username":"acesaric25","name":"Amandi","reviews":["The real estate agent was helpful and patient, guiding us through every step of the process."]}
{"_id":{"$oid":"6648e0a4831549ebaca27f97"},"username":"athorndycraft20","name":"Addi","reviews":["We are grateful for the real estate agent's expertise and dedication in helping us find the perfect home."]}
{"_id":{"$oid":"6648e0a4831549ebaca27f98"},"username":"efairnj","name":"Evvie","reviews":["The real estate agent was professional and courteous. They made the process smooth and stress-free."]}
{"_id":{"$oid":"6648e0a4831549ebaca27f99"},"username":"nmacaskie28","name":"Noni","reviews":["We highly recommend the real estate agent to anyone looking to buy or sell a home. They were fantastic to work with."]}
{"_id":{"$oid":"6648e0a4831549ebaca27f9a"},"username":"itownson2e","name":"Isidora","reviews":["The real estate agent was professional, knowledgeable, and made the whole process easy for us."]}
{"_id":{"$oid":"6648e0a4831549ebaca27f9b"},"username":"gboggis2b","name":"Gus","reviews":["The real estate agent provided excellent service and helped us find our dream home."]}
{"_id":{"$oid":"6648e0a4831549ebaca27f9c"},"username":"bmanifield2g","name":"Briant","reviews":["We were impressed with the real estate agent's dedication and ability to find exactly what we were looking for."]}
