[
    {"username":"cmoscone0","name":"Chaim","reviews":["The real estate agent was helpful and attentive throughout the entire process."]},
    {"username":"msnap7","name":"Mary","reviews":["We couldn't be happier with the service we received from the real estate agent. They exceeded our expectations in every way."]},
    {"username":"kcaulcottd","name":"Kip","reviews":["The real estate agent's knowledge of the market was invaluable in helping us secure a great deal on our new home."]},
    {"username":"efairnj","name":"Evvie","reviews":["The real estate agent was professional and courteous. They made the process smooth and stress-free."]},
    {"username":"mdakhovl","name":"Mildrid","reviews":["The real estate agent was patient and understanding."]},
    {"username":"rgregorinp","name":"Rudiger","reviews":["The real estate agent went above and beyond to negotiate a great deal for us on our new home."]},
    {"username":"pingilsony","name":"Phelia","reviews":["The real estate agent was extremely knowledgeable and helped us find our dream home quickly."]},
    {"username":"dperle10","name":"Demetri","reviews":["Making the stressful process of buying a home much easier."]},
    {"username":"ayankishin11","name":"Axel","reviews":["The real estate agent was a pleasure to work with and made the home buying process smooth and stress-free."]},
    {"username":"gbriat1a","name":"Gard","reviews":["The real estate agent's knowledge of the market was invaluable in helping us secure a great deal on our new home."]},
    {"username":"kkorb1e","name":"Kata","reviews":["The real estate agent was a pleasure to work with and made the home buying process smooth and stress-free."]},
    {"username":"epfiffer1g","name":"Ely","reviews":["We were impressed with the real estate agent's attention to detail and ability to guide us through the buying process."]},
    {"username":"otroman1i","name":"Omar","reviews":["The real estate agent was extremely knowledgeable and helped us find our dream home quickly."]},
    {"username":"dsokale1l","name":"Daisy","reviews":["The real estate agent was patient and understanding."]},
    {"username":"jiacovozzo1n","name":"Jeannette","reviews":["The real estate agent's knowledge of the market was invaluable in helping us secure a great deal on our new home."]},
    {"username":"khail1p","name":"Karlens","reviews":["The real estate agent was extremely knowledgeable and helped us find our dream home quickly."]},
    {"username":"allewelly1s","name":"Alleyn","reviews":["The real estate agent was a pleasure to work with and made the home buying process smooth and stress-free."]},
    {"username":"amaiden1y","name":"Adey","reviews":["We were impressed with the real estate agent's attention to detail and ability to guide us through the buying process."]},
    {"username":"athorndycraft20","name":"Addi","reviews":["We are grateful for the real estate agent's expertise and dedication in helping us find the perfect home."]},
    {"username":"phenriques21","name":"Padraig","reviews":["The real estate agent went above and beyond to negotiate a great deal for us on our new home."]},
    {"username":"acesaric25","name":"Amandi","reviews":["The real estate agent was helpful and patient, guiding us through every step of the process."]},
    {"username":"nmacaskie28","name":"Noni","reviews":["We highly recommend the real estate agent to anyone looking to buy or sell a home. They were fantastic to work with."]},
    {"username":"gboggis2b","name":"Gus","reviews":["The real estate agent provided excellent service and helped us find our dream home."]},
    {"username":"itownson2e","name":"Isidora","reviews":["The real estate agent was professional, knowledgeable, and made the whole process easy for us."]},
    {"username":"bmanifield2g","name":"Briant","reviews":["We were impressed with the real estate agent's dedication and ability to find exactly what we were looking for."]}
  ]
  